{
  "Profiles": [
    {
      "Ambiguous Double Width": false,
      "Ansi 0 Color": {
        "Blue Component": 0,
        "Green Component": 0,
        "Red Component": 0
      },
      "Ansi 1 Color": {
        "Blue Component": 0.3333333432674408,
        "Green Component": 0.3333333432674408,
        "Red Component": 1
      },
      "Ansi 10 Color": {
        "Blue Component": 0.4823529411764706,
        "Green Component": 0.9803921568627451,
        "Red Component": 0.3137254901960784
      },
      "Ansi 11 Color": {
        "Blue Component": 0.5490196078431373,
        "Green Component": 0.9803921568627451,
        "Red Component": 0.9450980392156862
      },
      "Ansi 12 Color": {
        "Blue Component": 0.9764705882352941,
        "Green Component": 0.5764705882352941,
        "Red Component": 0.7411764705882353
      },
      "Ansi 13 Color": {
        "Blue Component": 0.7764705882352941,
        "Green Component": 0.4745098039215686,
        "Red Component": 1
      },
      "Ansi 14 Color": {
        "Blue Component": 0.9921568627450981,
        "Green Component": 0.9137254901960784,
        "Red Component": 0.5450980392156862
      },
      "Ansi 15 Color": {
        "Blue Component": 1,
        "Green Component": 1,
        "Red Component": 1
      },
      "Ansi 2 Color": {
        "Blue Component": 0.4823529411764706,
        "Green Component": 0.9803921568627451,
        "Red Component": 0.3137254901960784
      },
      "Ansi 3 Color": {
        "Blue Component": 0.5490196078431373,
        "Green Component": 0.9803921568627451,
        "Red Component": 0.9450980392156862
      },
      "Ansi 4 Color": {
        "Blue Component": 0.9764705882352941,
        "Green Component": 0.5764705882352941,
        "Red Component": 0.7411764705882353
      },
      "Ansi 5 Color": {
        "Blue Component": 0.7764705882352941,
        "Green Component": 0.4745098039215686,
        "Red Component": 1
      },
      "Ansi 6 Color": {
        "Blue Component": 0.9921568627450981,
        "Green Component": 0.9137254901960784,
        "Red Component": 0.5450980392156862
      },
      "Ansi 7 Color": {
        "Blue Component": 0.7333333492279053,
        "Green Component": 0.7333333492279053,
        "Red Component": 0.7333333492279053
      },
      "Ansi 8 Color": {
        "Blue Component": 0.3333333333333333,
        "Green Component": 0.3333333333333333,
        "Red Component": 0.3333333333333333
      },
      "Ansi 9 Color": {
        "Blue Component": 0.3333333333333333,
        "Green Component": 0.3333333333333333,
        "Red Component": 1
      },
      "ASCII Anti Aliased": true,
      "ASCII Ligatures": true,
      "Background Color": {
        "Blue Component": 0.15977837145328522,
        "Green Component": 0.12215272337198257,
        "Red Component": 0.1176581159234047
      },
      "Background Image Location": "",
      "Badge Color": {
        "Alpha Component": 0.5,
        "Blue Component": 0,
        "Color Space": "sRGB",
        "Green Component": 0.1491314172744751,
        "Red Component": 1
      },
      "Blinking Cursor": false,
      "Blur": false,
      "BM Growl": true,
      "Bold Color": {
        "Blue Component": 0.9023706912994385,
        "Green Component": 0.9023706912994385,
        "Red Component": 0.9023706912994385
      },
      "Character Encoding": 4,
      "Close Sessions On End": 1,
      "Columns": 100,
      "Command": "",
      "Cursor Color": {
        "Blue Component": 0.7333333492279053,
        "Green Component": 0.7333333492279053,
        "Red Component": 0.7333333492279053
      },
      "Cursor Guide Color": {
        "Alpha Component": 0.25,
        "Blue Component": 1,
        "Color Space": "sRGB",
        "Green Component": 0.9268307089805603,
        "Red Component": 0.7021318674087524
      },
      "Cursor Text Color": {
        "Blue Component": 1,
        "Green Component": 1,
        "Red Component": 1
      },
      "Custom Command": "No",
      "Custom Directory": "No",
      "Default Bookmark": "No",
      "Description": "Default",
      "Disable Window Resizing": true,
      "Draw Powerline Glyphs": false,
      "Flashing Bell": false,
      "Foreground Color": {
        "Blue Component": 0.9003232717514038,
        "Green Component": 0.9003232717514038,
        "Red Component": 0.9003232717514038
      },
      "Guid": "9526B628-3AD2-483E-AF73-CC317C6EA565",
      "Horizontal Spacing": 1,
      "Icon": 0,
      "Idle Code": 0,
      "Initial Text": "",
      "Jobs to Ignore": ["rlogin", "slogin", "ssh", "telnet"],
      "Keyboard Map": {
        "0x2a-0x200000-0x0": {
          "Action": 12,
          "Text": "*"
        },
        "0x2b-0x200000-0x0": {
          "Action": 12,
          "Text": "+"
        },
        "0x2d-0x200000-0x0": {
          "Action": 12,
          "Text": "-"
        },
        "0x2d-0x40000-0x0": {
          "Action": 11,
          "Text": "0x1f"
        },
        "0x2e-0x200000-0x0": {
          "Action": 12,
          "Text": "."
        },
        "0x2f-0x200000-0x0": {
          "Action": 12,
          "Text": "/"
        },
        "0x3-0x200000-0x0": {
          "Action": 11,
          "Text": "0xd"
        },
        "0x30-0x200000-0x0": {
          "Action": 12,
          "Text": "0"
        },
        "0x31-0x200000-0x0": {
          "Action": 12,
          "Text": "1"
        },
        "0x32-0x200000-0x0": {
          "Action": 12,
          "Text": "2"
        },
        "0x32-0x40000-0x0": {
          "Action": 11,
          "Text": "0x00"
        },
        "0x33-0x200000-0x0": {
          "Action": 12,
          "Text": "3"
        },
        "0x33-0x40000-0x0": {
          "Action": 11,
          "Text": "0x1b"
        },
        "0x34-0x200000-0x0": {
          "Action": 12,
          "Text": "4"
        },
        "0x34-0x40000-0x0": {
          "Action": 11,
          "Text": "0x1c"
        },
        "0x35-0x200000-0x0": {
          "Action": 12,
          "Text": "5"
        },
        "0x35-0x40000-0x0": {
          "Action": 11,
          "Text": "0x1d"
        },
        "0x36-0x200000-0x0": {
          "Action": 12,
          "Text": "6"
        },
        "0x36-0x40000-0x0": {
          "Action": 11,
          "Text": "0x1e"
        },
        "0x37-0x200000-0x0": {
          "Action": 12,
          "Text": "7"
        },
        "0x37-0x40000-0x0": {
          "Action": 11,
          "Text": "0x1f"
        },
        "0x38-0x200000-0x0": {
          "Action": 12,
          "Text": "8"
        },
        "0x38-0x40000-0x0": {
          "Action": 11,
          "Text": "0x7f"
        },
        "0x39-0x200000-0x0": {
          "Action": 12,
          "Text": "9"
        },
        "0x7f-0x100000-0x0": {
          "Action": 11,
          "Text": "0x15"
        },
        "0x7f-0x80000-0x0": {
          "Action": 11,
          "Text": "0x1b 0x7f"
        },
        "0xf700-0x220000-0x0": {
          "Action": 10,
          "Text": "[1;2A"
        },
        "0xf700-0x240000-0x0": {
          "Action": 10,
          "Text": "[1;5A"
        },
        "0xf700-0x260000-0x0": {
          "Action": 10,
          "Text": "[1;6A"
        },
        "0xf701-0x220000-0x0": {
          "Action": 10,
          "Text": "[1;2B"
        },
        "0xf701-0x240000-0x0": {
          "Action": 10,
          "Text": "[1;5B"
        },
        "0xf701-0x260000-0x0": {
          "Action": 10,
          "Text": "[1;6B"
        },
        "0xf702-0x220000-0x0": {
          "Action": 10,
          "Text": "[1;2D"
        },
        "0xf702-0x240000-0x0": {
          "Action": 10,
          "Text": "[1;5D"
        },
        "0xf702-0x260000-0x0": {
          "Action": 10,
          "Text": "[1;6D"
        },
        "0xf702-0x280000-0x0": {
          "Action": 10,
          "Text": "b"
        },
        "0xf702-0x300000-0x0": {
          "Action": 11,
          "Text": "0x1"
        },