{
  "Profiles": [
    {
      "Use Non-ASCII Font": false,
      "Tags": [],
      "Ansi 12 Color": {
        "Green Component": 0.57647058823529407,
        "Red Component": 0.74117647058823533,
        "Blue Component": 0.97647058823529409
      },
      "Ansi 6 Color": {
        "Green Component": 0.9137254901960784,
        "Red Component": 0.54509803921568623,
        "Blue Component": 0.99215686274509807
      },
      "Draw Powerline Glyphs": false,
      "Bold Color": {
        "Green Component": 0.90237069129943848,
        "Red Component": 0.90237069129943848,
        "Blue Component": 0.90237069129943848
      },
      "Normal Font": "FiraCodeNerdFontCompleteM-Regular 13",
      "Ansi 2 Color": {
        "Green Component": 0.98039215686274506,
        "Red Component": 0.31372549019607843,
        "Blue Component": 0.4823529411764706
      },
      "Ansi 4 Color": {
        "Green Component": 0.57647058823529407,
        "Red Component": 0.74117647058823533,
        "Blue Component": 0.97647058823529409
      },
      "Rows": 25,
      "Default Bookmark": "No",
      "Ansi 5 Color": {
        "Green Component": 0.47450980392156861,
        "Red Component": 1,
        "Blue Component": 0.77647058823529413
      },
      "Cursor Guide Color": {
        "Red Component": 0.70213186740875244,
        "Color Space": "sRGB",
        "Blue Component": 1,
        "Alpha Component": 0.25,
        "Green Component": 0.9268307089805603
      },
      "Non-ASCII Anti Aliased": true,
      "Use Bright Bold": true,
      "Ansi 10 Color": {
        "Green Component": 0.98039215686274506,
        "Red Component": 0.31372549019607843,
        "Blue Component": 0.4823529411764706
      },
      "Icon": 0,
      "Ambiguous Double Width": false,
      "Jobs to Ignore": [
        "rlogin",
        "ssh",
        "slogin",
        "telnet"
      ],
      "Ansi 15 Color": {
        "Green Component": 1,
        "Red Component": 1,
        "Blue Component": 1
      },
      "Foreground Color": {
        "Green Component": 0.90032327175140381,
        "Red Component": 0.90032327175140381,
        "Blue Component": 0.90032327175140381
      },
      "Working Directory": "\/Users\/koczanm",
      "Blinking Cursor": false,
      "Disable Window Resizing": true,
      "Sync Title": false,
      "Prompt Before Closing 2": false,
      "BM Growl": true,
      "Command": "",
      "Description": "Default",
      "Mouse Reporting": true,
      "Screen": -1,
      "Selection Color": {
        "Green Component": 0.27843138575553894,
        "Red Component": 0.26666668057441711,
        "Blue Component": 0.35294118523597717
      },
      "Columns": 100,
      "Idle Code": 0,
      "Ansi 13 Color": {
        "Green Component": 0.47450980392156861,
        "Red Component": 1,
        "Blue Component": 0.77647058823529413
      },
      "Title Components": 2,
      "Custom Command": "No",
      "ASCII Anti Aliased": true,
      "Non Ascii Font": "Menlo-Regular 11",
      "Vertical Spacing": 1,
      "Use Bold Font": true,
      "Option Key Sends": 0,
      "Selected Text Color": {
        "Green Component": 1,
        "Red Component": 1,
        "Blue Component": 1
      },
      "Background Color": {
        "Green Component": 0.12215272337198257,
        "Red Component": 0.11765811592340469,
        "Blue Component": 0.15977837145328522
      },
      "Character Encoding": 4,
      "Ansi 11 Color": {
        "Green Component": 0.98039215686274506,
        "Red Component": 0.94509803921568625,
        "Blue Component": 0.5490196078431373
      },
      "Thin Strokes": 4,
      "Non-ASCII Ligatures": true,
      "Use Italic Font": true,
      "Unlimited Scrollback": false,
      "Keyboard Map": {
        "0x33-0x200000-0x0": {
          "Action": 12,
          "Text": "3"
        },
        "0x2f-0x200000-0x0": {
          "Action": 12,
          "Text": "\/"
        },
        "0x3-0x200000-0x0": {
          "Action": 11,
          "Text": "0xd"
        },
        "0x38-0x200000-0x0": {
          "Action": 12,
          "Text": "8"
        },
        "0xf728-0x80000-0x0": {
          "Action": 10,
          "Text": "d"
        },
        "0xf70e-0x20000-0x0": {
          "Action": 10,
          "Text": "[23;2~"
        },
        "0xf701-0x220000-0x0": {
          "Action": 10,
          "Text": "[1;2B"
        },
        "0x32-0x40000-0x0": {
          "Action": 11,
          "Text": "0x00"
        },
        "0xf700-0x240000-0x0": {
          "Action": 10,
          "Text": "[1;5A"
        },
        "0xf703-0x220000-0x0": {
          "Action": 10,
          "Text": "[1;2C"
        },
        "0xf70b-0x20000-0x0": {
          "Action": 10,
          "Text": "[19;2~"
        },
        "0xf702-0x240000-0x0": {
          "Action": 10,
          "Text": "[1;5D"
        },
        "0xf701-0x260000-0x0": {
          "Action": 10,
          "Text": "[1;6B"
        },
        "0xf72b-0x40000-0x0": {
          "Action": 10,
          "Text": "[1;5F"
        },
        "0xf703-0x260000-0x0": {
          "Action": 10,
          "Text": "[1;6C"
        },
        "0x31-0x200000-0x0": {
          "Action": 12,
          "Text": "1"
        },
        "0xf702-0x280000-0x0": {
          "Action": 10,
          "Text": "b"
        },
        "0x2d-0x200000-0x0": {
          "Action": 12,
          "Text": "-"
        },
        "0xf709-0x20000-0x0": {
          "Action": 10,
          "Text": "[17;2~"
        },
        "0x36-0x200000-0x0": {
          "Action": 12,
          "Text": "6"
        },
        "0xf706-0x20000-0x0": {
          "Action": 10,
          "Text": "[1;2R"
        },
        "0x36-0x40000-0x0": {
          "Action": 11,
          "Text": "0x1e"
        },
        "0xf729-0x40000-0x0": {
          "Action": 10,
          "Text": "[1;5H"
        },
        "0x2d-0x40000-0x0": {
          "Action": 11,
          "Text": "0x1f"
        },
        "0xf702-0x300000-0x0": {
          "Action": 11,
          "Text": "0x1"
        },
        "0x7f-0x80000-0x0": {
          "Action": 11,
          "Text": "0x1b 0x7f"
        },
        "0x33-0x40000-0x0": {
          "Action": 11,
          "Text": "0x1b"
        },
        "0x2b-0x200000-0x0": {
          "Action": 12,
          "Text": "+"
        },
        "0x34-0x200000-0x0": {
          "Action": 12,
          "Text": "4"
        },
        "0xf70d-0x20000-0x0": {
          "Action": 10,
          "Text": "[21;2~"
        },
        "0xf72b-0x20000-0x0": {
          "Action": 10,
          "Text": "[1;2F"
        },
        "0x39-0x200000-0x0": {
          "Action": 12,
          "Text": "9"
        },
        "0xf70a-0x20000-0x0": {
          "Action": 10,
          "Text": "[18;2~"
        },
        "0x37-0x40000-0x0": {
          "Action": 11,
          "Text": "0x1f"
        },
        "0xf708-0x20000-0x0": {
          "Action": 10,
          "Text": "[15;2~"
        },
        "0xf729-0x20000-0x0": {
          "Action": 10,
          "Text": "[1;2H"
        },
        "0xf700-0x220000-0x0": {
          "Action": 10,
          "Text": "[1;2A"
        },
        "0xf705-0x20000-0x0": {
          "Action": 10,
          "Text": "[1;2Q"
        },
        "0xf702-0x220000-0x0": {
          "Action": 10,
          "Text": "[1;2D"
        },
        "0x2e-0x200000-0x0": {
          "Action": 12,
          "Text": "."
        },
        "0x32-0x200000-0x0": {
          "Action": 12,
          "Text": "2"
        },
        "0xf701-0x240000-0x0": {
          "Action": 10,
          "Text": "[1;5B"
        },
        "0xf700-0x260000-0x0": {
          "Action": 10,
          "Text": "[1;6A"
        },
        "0x37-0x200000-0x0": {
          "Action": 12,
          "Text": "7"
        },
        "0xf703-0x240000-0x0": {
          "Action": 10,
          "Text": "[1;5C"
        },
        "0x34-0x40000-0x0": {
          "Action": 11,
          "Text": "0x1c"
        },